Position,Tm,G,Points,Yards,Plays,YdsPlay,TO,FL,Cmp,PassingAtt,PassingYds,PassingTD,Int,PassingYdsAtt,RushingAtt,RushingYds,RushingTD,RushingYdsAtt,DefensePts,DefenseYds,DefensePlays,DefenseYdsPlay,DefenseTO,DefenseFR,DefPassingCmp,DefPassingAtt,DefPassingYds,DefPassingTD,DefPassingInt,DefPassingYdsAtt,DefRushingAtt,DefRushingYds,DefRushingTD,DefRushingYdsAtt
31,Arizona Cardinals,16,310,5116,993,5.2,17,5,320,568,3808,21,12,6.4,397,1308,6,3.3,299,5891,1010,5.8,25,7,365,579,4152,22,18,6.8,396,1739,9,4.4
28,Atlanta Falcons,16,381,6051,1035,5.8,23,8,418,632,4553,28,15,6.9,372,1498,11,4,417,6372,1038,6.1,28,12,359,566,4478,20,16,7.6,450,1894,21,4.2
6,Baltimore Ravens,16,409,5838,1021,5.7,20,8,344,554,3819,27,12,6.7,448,2019,16,4.5,302,5391,1034,5.2,22,11,382,595,3979,22,11,6.2,390,1412,8,3.6
4,Buffalo Bills,16,343,5096,1020,5,23,10,363,579,3614,23,13,5.8,402,1482,7,3.7,289,4995,1027,4.9,30,11,337,559,3292,16,19,5.4,414,1703,10,4.1
25,Carolina Panthers,16,339,5547,1060,5.2,23,11,327,545,3511,23,12,6,473,2036,10,4.3,374,5437,999,5.4,26,12,364,562,3645,25,14,6.1,397,1792,14,4.5
22,Chicago Bears,16,319,5233,1005,5.2,29,10,396,609,3792,30,19,5.8,355,1441,8,4.1,442,6033,1008,6,24,10,366,548,4230,34,14,7.2,421,1803,12,4.3
5,Cincinnati Bengals,16,365,5568,1018,5.5,26,9,323,503,3421,20,17,6.5,492,2147,19,4.4,344,5749,1067,5.4,26,6,365,608,3888,18,20,6.2,439,1861,16,4.2
8,Cleveland Browns,16,299,5193,1010,5.1,23,7,274,502,3465,12,16,6.5,477,1728,17,3.6,337,5857,1118,5.2,29,8,335,587,3592,22,21,5.8,500,2265,13,4.5
18,Dallas Cowboys,16,467,6138,1014,6.1,25,14,328,476,3784,37,11,7.5,508,2354,16,4.6,352,5681,978,5.8,31,13,371,558,4031,22,18,6.9,392,1650,18,4.2
13,Denver Broncos,16,482,6446,1067,6,20,5,399,607,4661,40,15,7.5,443,1785,15,4,354,4883,1031,4.7,25,7,399,641,3607,29,18,5.3,349,1276,9,3.7
22,Detroit Lions,16,321,5452,1045,5.2,20,8,365,604,4030,22,12,6.2,396,1422,11,3.6,282,4815,984,4.9,27,7,383,592,3706,23,20,5.8,350,1109,8,3.2
21,Green Bay Packers,16,486,6178,1001,6.2,13,7,349,536,4261,38,6,7.5,435,1917,14,4.4,348,5542,1054,5.3,27,9,333,564,3623,26,18,6,449,1919,11,4.3
12,Houston Texans,16,372,5513,1062,5.2,22,9,295,485,3352,22,13,6.6,551,2161,12,3.9,307,5571,1077,5.2,34,14,363,619,3890,28,20,5.9,420,1681,6,4
9,Indianapolis Colts,16,458,6506,1105,5.9,31,15,410,661,4894,42,16,7.1,415,1612,9,3.9,369,5483,1007,5.4,26,14,320,543,3669,27,12,6.3,423,1814,14,4.3
11,Jacksonville Jaguars,16,249,4634,988,4.7,26,8,325,557,3001,15,18,4.8,360,1633,9,4.5,412,5932,1085,5.5,20,14,355,541,3899,24,6,6.7,499,2033,15,4.1
14,Kansas City Chiefs,16,353,5100,962,5.3,17,11,320,493,3182,18,6,5.9,420,1918,18,4.6,281,5288,1024,5.2,14,8,318,545,3252,22,6,5.5,433,2036,4,4.7
3,Miami Dolphins,16,388,5601,1040,5.4,23,11,394,595,3729,27,12,5.8,399,1872,12,4.7,373,5494,1029,5.3,25,11,338,537,3557,27,14,6.2,453,1937,13,4.3
24,Minnesota Vikings,16,325,5048,981,5.1,20,2,322,517,3244,17,18,5.7,413,1804,12,4.4,343,5515,1025,5.4,19,6,353,534,3572,26,13,6.2,450,1943,10,4.3
1,New England Patriots,16,468,5848,1073,5.5,13,4,392,609,4121,34,9,6.5,438,1727,13,3.9,313,5506,1033,5.3,25,9,342,574,3837,24,16,6.2,419,1669,6,4
26,New Orleans Saints,16,401,6582,1095,6,30,13,456,659,4764,33,17,6.9,406,1818,16,4.5,424,6144,1022,6,17,5,341,546,4019,26,12,6.9,442,2125,17,4.8
19,New York Giants,16,380,5875,1086,5.4,28,14,383,607,4272,30,14,6.7,449,1603,13,3.6,400,6012,1007,6,26,9,324,522,3850,25,17,6.8,438,2162,15,4.9
2,New York Jets,16,283,5226,1052,5,24,9,287,498,2946,16,15,5.4,507,2280,11,4.5,401,5235,976,5.4,13,7,345,538,3746,31,6,6.4,393,1489,10,3.8
16,Oakland Raiders,16,253,4515,994,4.5,29,13,365,629,3275,22,16,5,337,1240,4,3.7,452,5721,1041,5.5,14,5,343,538,3810,29,9,6.8,481,1911,17,4
17,Philadelphia Eagles,16,474,6348,1127,5.6,36,15,384,621,4356,27,21,6.7,474,1992,16,4.2,400,6009,1113,5.4,28,16,345,591,4238,30,12,6.6,473,1771,14,3.7
7,Pittsburgh Steelers,16,436,6577,1068,6.2,21,11,411,612,4825,33,10,7.5,423,1752,10,4.1,368,5654,944,6,21,10,350,543,4049,30,11,7,368,1605,9,4.4
15,San Diego Chargers,16,348,5465,1009,5.4,23,5,380,574,4098,31,18,6.7,398,1367,6,3.4,348,5413,988,5.5,18,11,320,524,3427,24,7,6.2,438,1986,11,4.5
30,San Francisco 49ers,16,306,5239,1009,5.2,22,12,292,487,3063,20,10,5.7,470,2176,10,4.6,340,5143,989,5.2,29,6,324,551,3531,29,23,6,402,1612,7,4
29,Seattle Seahawks,17,394,6012,1021,5.9,14,7,287,454,3250,20,7,6.6,525,2762,20,5.3,254,4274,924,4.6,24,11,313,507,2970,17,13,5.5,380,1304,8,3.4
32,St. Louis Rams,16,324,5035,957,5.3,27,11,327,515,3400,20,16,6,395,1635,11,4.1,354,5626,1005,5.6,25,12,368,540,3861,18,13,6.7,425,1765,12,4.2
27,Tampa Bay Buccaneers,16,277,4672,936,5,33,13,301,531,3297,21,20,5.7,353,1375,7,3.9,410,5903,1067,5.5,25,11,387,563,4084,28,14,6.8,468,1819,15,3.9
10,Tennessee Titans,16,254,4859,919,5.3,26,10,299,513,3412,20,16,6.1,356,1447,6,4.1,438,5968,1099,5.4,16,4,347,545,3773,28,12,6.5,515,2195,17,4.3
20,Washington Redskins,16,301,5738,1006,5.7,31,13,364,547,4047,18,18,6.7,401,1691,15,4.2,438,5712,976,5.9,19,12,345,519,3990,35,7,7.2,421,1722,11,4.1
,Avg Team,,361.4,5570.3,1024.3,5.4,23.7,9.6,350,558.7,3789,25.2,14.1,6.4,427.8,1781.3,11.9,4.2,361.4,5570.3,1024.3,5.4,23.7,9.6,350,558.7,3789,25.2,14.1,6.4,427.8,1781.3,11.9,4.2
,Avg Tm/G,,22.5,347.5,63.9,5.4,1.5,0.6,21.8,34.9,236.3,1.6,0.9,6.4,26.7,111.1,0.7,4.2,22.5,347.5,63.9,5.4,1.5,0.6,21.8,34.9,236.3,1.6,0.9,6.4,26.7,111.1,0.7,4.2
,League Total,,11565,178249,32779,5.4,758,308,11200,17879,121247,807,450,6.4,13688,57002,380,4.2,11565,178249,32779,5.4,758,308,11200,17879,121247,807,450,6.4,13688,57002,380,4.2
